epoch,step,training_loss,testing_loss
1,501,0.02364939675870119,0.000679718551501814
1,1001,0.002343957086923183,0.0003586239820477836
1,1501,0.0014182483489639708,0.0002973623444394553
1,2001,0.0014015371416644484,0.00025019115864779453
1,2501,0.001220635564350232,0.0002583910181091715
1,3001,0.0010160947984877565,0.0002318371066196604
1,3501,0.0010940068049876573,0.0002505477124071584
1,4001,0.0009414570635362906,0.0002229286029274669
1,4501,0.0009474156990836491,0.00022130519195066566
