epoch,step,training_loss,testing_loss
1,501,0.023543228920025285,0.000639584322925657
1,1001,0.002468631932133576,0.0003080555894168514
1,1501,0.0015167521250623395,0.00024569541788957357
1,2001,0.0013871268989714735,0.00022249144149100175
1,2501,0.0012320452651692904,0.00019324016850829219
1,3001,0.0010524772906501311,0.00018386778129040422
1,3501,0.0011442611615711939,0.00016870714824740983
1,4001,0.0009692099253334163,0.0001619418859352505
1,4501,0.0009923207846532023,0.00015631118508281362
